SSE-value;Number of active centroids(n);Number of active centroids(%)
1794272;15;100.0
1759093;15;100.0
1742016;15;100.0
1765055;14;93.33333333333333
1779753;13;86.66666666666667
1788160;12;80.0
1794808;9;60.0
1793982;9;60.0
1791035;8;53.333333333333336
1786937;6;40.0
1782482;5;33.33333333333333
1774245;3;20.0
1765261;7;46.666666666666664
1765072;6;40.0
1765576;6;40.0
1765572;2;13.333333333333334
1765572;0;0.0
